"","name","orig_mean","ci_low","ci_high"
"1","annual",1.569,1.56758088597677,1.62293408408311
"2","winter",1.354,1.41717171767722,1.46852888112518
"3","summer",1.659,1.84117662239443,1.89146210016046
