"","name","orig_mean","ci_low","ci_high"
"1","annual",0.768,0.664412207416257,0.718737493182545
"2","winter",0.613,0.509575853181285,0.557230534044264
"3","summer",0.674,0.699347517634599,0.738648490349433
