"","name","orig_mean","ci_low","ci_high"
"1","annual",2.43,2.52329489585606,2.60444961512198
"2","winter",2.147,2.37193361403027,2.44961129614937
"3","summer",2.714,3.05591722288197,3.14160373520186
